{"cameraMode":{"drawMode":0,"name":"Shaded","section":"Shading Mode"},"sceneLighting":false,"audioPlay":false,"sceneViewState":{"m_AlwaysRefresh":false,"showFog":true,"showSkybox":false,"showFlares":true,"showImageEffects":true,"showParticleSystems":true,"showVisualEffectGraphs":true,"m_FxEnabled":true},"in2DMode":false,"pivot":{"x":2.142862558364868,"y":-1.0807836055755616,"z":5.860156536102295},"rotation":{"x":0.01925438828766346,"y":-0.7368894815444946,"z":0.021007027477025987,"w":0.6754153370857239},"size":3.7734827995300295,"orthographic":true}