{"cameraMode":{"drawMode":0,"name":"Shaded","section":"Shading Mode"},"sceneLighting":true,"audioPlay":false,"sceneViewState":{"m_AlwaysRefresh":false,"showFog":true,"showSkybox":true,"showFlares":true,"showImageEffects":true,"showParticleSystems":true,"showVisualEffectGraphs":true,"m_FxEnabled":true},"in2DMode":false,"pivot":{"x":1.7862029075622559,"y":-3.1280014514923097,"z":0.7628523111343384},"rotation":{"x":0.1537032574415207,"y":0.2139665186405182,"z":-0.034110620617866519,"w":0.9640756249427795},"size":7.0262861251831059,"orthographic":true}